{
	"info": {
		"_postman_id": "842bb2b9-cbc5-442b-97a9-6877a082257f",
		"name": "User mngmnt",
		"schema": "https://schema.getpostman.com/json/collection/v2.1.0/collection.json",
		"_exporter_id": "44765618"
	},
	"item": [
		{
			"name": "health_check",
			"request": {
				"method": "GET",
				"header": []
			},
			"response": []
		},
		{
			"name": "register",
			"request": {
				"method": "POST",
				"header": [],
				"body": {
					"mode": "raw",
					"raw": "{\r\n\"email\": \"bala@gmail.com\",\r\n\"full_name\":\"bala chandra\",\r\n\"password\":\"4@Ganesh\"\r\n}",
					"options": {
						"raw": {
							"language": "json"
						}
					}
				},
				"url": {
					"raw": "http://localhost:8000/register",
					"protocol": "http",
					"host": [
						"localhost"
					],
					"port": "8000",
					"path": [
						"register"
					]
				}
			},
			"response": []
		},
		{
			"name": "change_password",
			"request": {
				"method": "GET",
				"header": []
			},
			"response": []
		},
		{
			"name": "login",
			"request": {
				"method": "GET",
				"header": []
			},
			"response": []
		},
		{
			"name": "forget-password",
			"request": {
				"method": "GET",
				"header": []
			},
			"response": []
		},
		{
			"name": "logout",
			"request": {
				"method": "GET",
				"header": []
			},
			"response": []
		}
	]
}